<?xml version="1.0" encoding="UTF-8"?>
<robot rpa="false" generated="20191113 17:58:51.635" generator="Robot 3.1.2 (Python 2.7.16 on win32)">
<suite source="C:\Users\my\Desktop\EuroSport\TMP.robot" id="s1" name="TMP">
<test id="s1-t1" name="TMP1">
<kw name="Open Browser" library="Selenium2Library">
<doc>Opens a new browser instance to given URL.</doc>
<arguments>
<arg>https://rishab-eurosport.dev.aecortech.com/</arg>
<arg>chrome</arg>
</arguments>
<msg timestamp="20191113 17:58:52.083" level="INFO">Opening browser 'chrome' to base url 'https://rishab-eurosport.dev.aecortech.com/'</msg>
<status status="PASS" endtime="20191113 17:59:02.729" starttime="20191113 17:58:52.083"></status>
</kw>
<kw name="Maximize Browser Window" library="Selenium2Library">
<doc>Maximizes current browser window.</doc>
<status status="PASS" endtime="20191113 17:59:06.908" starttime="20191113 17:59:02.729"></status>
</kw>
<status status="PASS" endtime="20191113 17:59:06.912" critical="yes" starttime="20191113 17:58:52.083"></status>
</test>
<status status="PASS" endtime="20191113 17:59:06.916" starttime="20191113 17:58:51.666"></status>
</suite>
<statistics>
<total>
<stat fail="0" pass="1">Critical Tests</stat>
<stat fail="0" pass="1">All Tests</stat>
</total>
<tag>
</tag>
<suite>
<stat fail="0" id="s1" name="TMP" pass="1">TMP</stat>
</suite>
</statistics>
<errors>
</errors>
</robot>
